{
  "accuracy": [
    0.4470588266849518,
    0.8470588326454163,
    0.9529411792755127,
    0.9647058844566345,
    0.9882352948188782,
    0.5176470875740051,
    0.8823529481887817,
    0.8823529481887817,
    0.9764705896377563,
    0.9764705896377563,
    1.0
  ],
  "loss": [
    1.4253262281417847,
    0.8562531471252441,
    0.4830854535102844,
    0.22884409129619598,
    0.09681865572929382,
    1.2518210411071777,
    0.8163627982139587,
    0.6317489743232727,
    0.39645126461982727,
    0.265313982963562,
    0.17324863374233246
  ],
  "val_accuracy": [
    0.7142857313156128,
    0.8571428656578064,
    0.9047619104385376,
    0.9047619104385376,
    0.9047619104385376,
    0.8095238208770752,
    0.8571428656578064,
    0.8571428656578064,
    0.8571428656578064,
    0.8571428656578064,
    0.8571428656578064
  ],
  "val_loss": [
    1.1892287731170654,
    0.8382842540740967,
    0.5830191373825073,
    0.4574260711669922,
    0.32307878136634827,
    0.9670097827911377,
    0.8571848273277283,
    0.7476031184196472,
    0.615153968334198,
    0.5077266693115234,
    0.46534356474876404
  ]
}