{
  "accuracy": [
    0.35789474844932556,
    0.8736842274665833,
    0.9789473414421082,
    0.9789473414421082,
    0.9894737005233765,
    0.6421052813529968,
    0.8421052694320679,
    0.9368420839309692,
    0.9894737005233765,
    0.9894737005233765,
    0.9894737005233765
  ],
  "loss": [
    1.5277284383773804,
    0.8412362933158875,
    0.460930198431015,
    0.21170401573181152,
    0.09500867873430252,
    1.126488447189331,
    0.6926976442337036,
    0.45823124051094055,
    0.2111278921365738,
    0.13740915060043335,
    0.10047178715467453
  ],
  "val_accuracy": [
    0.6666666865348816,
    0.875,
    0.875,
    0.9166666865348816,
    0.9166666865348816,
    0.75,
    0.875,
    0.875,
    0.9166666865348816,
    0.9166666865348816,
    0.9166666865348816
  ],
  "val_loss": [
    1.1728092432022095,
    0.8424007296562195,
    0.582846462726593,
    0.4453369081020355,
    0.3809448182582855,
    0.9260404109954834,
    0.7622901797294617,
    0.5611090064048767,
    0.4984157085418701,
    0.43204212188720703,
    0.4253404140472412
  ]
}